{
  "hash": "247d5c58",
  "configHash": "d8df0de6",
  "lockfileHash": "d0e97969",
  "browserHash": "a2b722df",
  "optimized": {
    "vue": {
      "src": "../../../../node_modules/vue/dist/vue.runtime.esm-bundler.js",
      "file": "vue.js",
      "fileHash": "eeb7e76a",
      "needsInterop": false
    },
    "vitepress > @vue/devtools-api": {
      "src": "../../../../node_modules/@vue/devtools-api/dist/index.js",
      "file": "vitepress___@vue_devtools-api.js",
      "fileHash": "88a087ad",
      "needsInterop": false
    },
    "vitepress > @vueuse/core": {
      "src": "../../../../node_modules/@vueuse/core/index.mjs",
      "file": "vitepress___@vueuse_core.js",
      "fileHash": "03adecb1",
      "needsInterop": false
    }
  },
  "chunks": {
    "chunk-L2JNJ22P": {
      "file": "chunk-L2JNJ22P.js"
    }
  }
}